"Status","Start Time","Stop Time","Duration in ms","Parent Suite","Suite","Sub Suite","Test Class","Test Method","Name","Description"
"passed","Thu Feb 12 22:50:33 EET 2026","Thu Feb 12 22:50:33 EET 2026","8","","Birokrātija: Dokumentācijas audits","","lv.socialcare.DeepDocumentationAuditTest","testCriticalKeywordsPresent","Audits: Vai dokumentācijā ir minēti svarīgie tehniskie termini?",""
"passed","Thu Feb 12 22:50:54 EET 2026","Thu Feb 12 22:50:54 EET 2026","6","","lv.socialcare.UserCredentialsRepositoryTest","","lv.socialcare.UserCredentialsRepositoryTest","testSafeRoleValueOfWithInvalidRole","safeRoleValueOf: Jāatgriež SOCIAL_WORKER, ja loma datubāzē ir nederīga",""
"passed","Thu Feb 12 22:50:15 EET 2026","Thu Feb 12 22:50:15 EET 2026","147","","Kritiskā Noturība: Agresīva tīkla pārrāvuma simulācija","","lv.socialcare.AggressiveOfflineSwitchTest","testH2SchemaCompatibility","Scenārijs: Pilna datu migrācija uz H2 (Struktūras saderība)",""
"passed","Thu Feb 12 22:50:24 EET 2026","Thu Feb 12 22:50:24 EET 2026","2","","Audits: Izmaiņu detektīvs","","lv.socialcare.ClientChangeDetectorTest","testPairFormatting","Formatēšana: Vai ārstu maiņa tiek pareizi aprakstīta?",""
"passed","Tue Feb 10 11:29:30 EET 2026","Tue Feb 10 11:29:30 EET 2026","2","","lv.socialcare.ScenariosSimulationTest","","lv.socialcare.ScenariosSimulationTest","testScenario9_LockTimeout","testScenario9_LockTimeout()",""
"passed","Thu Feb 12 22:50:33 EET 2026","Thu Feb 12 22:50:33 EET 2026","1","","Birokrātija: Vai instrukcija atbilst realitātei?","","lv.socialcare.DocumentationConsistencyTest","testSecurityAndAuditDocumented","Pārbaude: Vai drošības mehānismi ir dokumentēti?",""
"passed","Thu Feb 12 22:50:36 EET 2026","Thu Feb 12 22:50:36 EET 2026","244","","HubController: Datu atjaunošanas tests","","lv.socialcare.HubControllerTest","testHandleRefreshDashboard_Success","Scenārijs: Veiksmīga datu atjaunošana (Online)",""
"passed","Thu Feb 12 22:50:50 EET 2026","Thu Feb 12 22:50:50 EET 2026","29","","Drošība: Ielaušanās testi (Penetration Testing)","","lv.socialcare.SecurityPenetrationTest","testXssPayloadPersistence","Uzbrukums: Vai sistēma neitralizē ļaunprātīgus skriptus (XSS)?",""
"passed","Thu Feb 12 22:50:28 EET 2026","Thu Feb 12 22:50:28 EET 2026","402","","lv.socialcare.DatabaseConnectionManagerTest","","lv.socialcare.DatabaseConnectionManagerTest","testServerTimeOffsetCalculation","Laika sinhronizācija: Servera laika nobīdes aprēķins",""
"passed","Thu Feb 12 22:50:55 EET 2026","Thu Feb 12 22:50:55 EET 2026","5","","Drošība: Lietotāju sesiju žurnāls","","lv.socialcare.UserSessionRepositoryTest","testGetActiveSessionId_WhenActive","Pārbaude: Vai var atrast aktīvu darbinieku?",""
"passed","Thu Feb 12 22:50:36 EET 2026","Thu Feb 12 22:50:36 EET 2026","42","","Arhīvs: Darbs ar reālu datubāzi (H2)","","lv.socialcare.KlientsRepositoryIntegrationTest","testFindClientByPersonasKods","Meklēšana: Klienta atrašana pēc personas koda",""
"passed","Thu Feb 12 22:50:25 EET 2026","Thu Feb 12 22:50:26 EET 2026","1153","","KIBERDROŠĪBA: Visaptverošs sistēmas noturības tests","","lv.socialcare.ComprehensiveSecurityStressTest","testExcelFormulaInjectionProtection","6. Excel Formula Injection (CSV Injection) aizsardzība",""
"passed","Thu Feb 12 22:50:36 EET 2026","Thu Feb 12 22:50:36 EET 2026","36","","Arhīvs: Darbs ar reālu datubāzi (H2)","","lv.socialcare.KlientsRepositoryIntegrationTest","testDeleteKlients_SoftDelete","Operācija: Klienta lietas dzēšana (Soft Delete - pārvietošana uz arhīvu)",""
"passed","Thu Feb 12 22:50:35 EET 2026","Thu Feb 12 22:50:35 EET 2026","3","","Atskaites: Excel ģenerēšanas cehs","","lv.socialcare.ExcelFunctionalityTest","testExportToInvalidPath","Kļūda: Mēģinājums saglabāt atskaiti neeksistējošā mapē",""
"passed","Thu Feb 12 22:50:35 EET 2026","Thu Feb 12 22:50:36 EET 2026","42","","Infrastruktūra: H2 Shēmas Validācija","","lv.socialcare.H2SchemaValidationTest","testAllTablesCreated","Pārbaude: Vai SchemaManager izveido visas definētās tabulas H2 datubāzē?",""
"passed","Thu Feb 12 22:50:24 EET 2026","Thu Feb 12 22:50:24 EET 2026","3","","Loģika: Klientu vēstures un datumu validācija","","lv.socialcare.ClientHistoryValidationTest","testOverlapWithHistory","Vēsture: Vai aizliegts pārklāties ar esošu periodu?",""
"passed","Thu Feb 12 22:50:50 EET 2026","Thu Feb 12 22:50:51 EET 2026","1090","","Drošība: Ievainojamību meklēšana","","lv.socialcare.SecurityVulnerabilityTest","testUnauthorizedAccessToAdminService","Piekļuve: Vai parasts darbinieks var tikt pie vadītāja pults?",""
"passed","Thu Feb 12 22:50:33 EET 2026","Thu Feb 12 22:50:33 EET 2026","3","","Birokrātija: Vai instrukcija atbilst realitātei?","","lv.socialcare.DocumentationConsistencyTest","testTableOfContentsIntegrity","Pārbaude: Vai satura rādītājs (TOC) precīzi atbilst dokumenta saturam?",""
"passed","Thu Feb 12 22:50:41 EET 2026","Thu Feb 12 22:50:41 EET 2026","4","","Offline: ListRepository noturības testi","","lv.socialcare.ListRepositoryOfflineTest","testGetManagedList_NormalOperation_ReturnsData","Scenārijs 2: Normāla darbība (Online)",""
"passed","Tue Feb 10 11:29:30 EET 2026","Tue Feb 10 11:29:30 EET 2026","72","","lv.socialcare.ScenariosSimulationTest","","lv.socialcare.ScenariosSimulationTest","testScenario6_OnlineOfflineOnline_NoConflict","testScenario6_OnlineOfflineOnline_NoConflict()",""
"passed","Thu Feb 12 22:50:48 EET 2026","Thu Feb 12 22:50:49 EET 2026","154","","Simulācija: 10 Scenāriji (PC1-PC4, Offline/Online)","","lv.socialcare.ScenariosSimulationTest","testNetworkFlapping","5. Scenārijs: Interneta raustīšanās (Flapping) sinhronizācijas laikā",""
"passed","Thu Feb 12 22:50:36 EET 2026","Thu Feb 12 22:50:36 EET 2026","1","","Kvalitāte: Ievades lauku korektors","","lv.socialcare.KarteValidationServiceTest","testValidateRequired","Pārbaude: Obligāto lauku aizpildīšanas kontrole",""
"passed","Thu Feb 12 22:50:33 EET 2026","Thu Feb 12 22:50:33 EET 2026","2","","Birokrātija: Vai instrukcija atbilst realitātei?","","lv.socialcare.DocumentationConsistencyTest","testOfflineModeDocumentationExists","Pārbaude: Vai dokumentācijā ir iekļautas jaunās sadaļas par bezsaistes režīmu?",""
"passed","Thu Feb 12 22:50:24 EET 2026","Thu Feb 12 22:50:24 EET 2026","2","","Statistika: Klientu datu validācija","","lv.socialcare.ClientValidatorTest","testMissingName","Pārbaude: Vai validators noraida klientu bez vārda?",""
"passed","Thu Feb 12 22:50:46 EET 2026","Thu Feb 12 22:50:46 EET 2026","5","","lv.socialcare.OfflineBufferServiceTest","","lv.socialcare.OfflineBufferServiceTest","testHasPendingChangesReturnsFalseWhenRepoReturnsEmpty","testHasPendingChangesReturnsFalseWhenRepoReturnsEmpty()",""
"passed","Thu Feb 12 22:50:46 EET 2026","Thu Feb 12 22:50:46 EET 2026","2","","Diagnostika: Vispārējā sistēmas veselības pārbaude","","lv.socialcare.ProjectHealthCheckTest","testPersonalCodeValidationConsistency","Kritiski: Vai visi vārtu sargi (validatori) vienādi saprot personas kodus?",""
"passed","Thu Feb 12 22:50:47 EET 2026","Thu Feb 12 22:50:47 EET 2026","164","","Simulācija: 10 Scenāriji (PC1-PC4, Offline/Online)","","lv.socialcare.ScenariosSimulationTest","testMassImportSync","8. Scenārijs: Masveida imports uz PC1, sinhronizācija uz PC2",""
"passed","Thu Feb 12 22:50:46 EET 2026","Thu Feb 12 22:50:46 EET 2026","7","","Diagnostika: Vispārējā sistēmas veselības pārbaude","","lv.socialcare.ProjectHealthCheckTest","testCryptoUtils","Drošība: Vai šifrēšanas mašīna darbojas (CryptoUtils)?",""
"passed","Thu Feb 12 22:50:24 EET 2026","Thu Feb 12 22:50:24 EET 2026","2","","Procedūra: Klienta lietas noformēšana","","lv.socialcare.ClientCardServiceTest","testSaveOrUpdate","Pārbaude: Vai var saglabāt klienta pamatdatus?",""
"passed","Thu Feb 12 22:50:47 EET 2026","Thu Feb 12 22:50:47 EET 2026","10","","UI: Asinhronā saglabāšana (SaveTaskHelper)","","lv.socialcare.SaveTaskHelperTest","testRunSaveTask_DisablesUI_DuringExecution","UX: Vai pogas tiek atslēgtas, kamēr notiek saglabāšana?",""
"passed","Thu Feb 12 22:50:46 EET 2026","Thu Feb 12 22:50:46 EET 2026","4","","Drošība: Versiju kontrole (Optimistic Locking)","","lv.socialcare.OptimisticLockingTest","testHealthCardConflict_UserB_SavesFirst","Konflikts: Veselības kartes vienlaicīga labošana",""
"passed","Thu Feb 12 22:50:30 EET 2026","Thu Feb 12 22:50:30 EET 2026","4","","Noturība: Elektrības pārrāvums arhīvā","","lv.socialcare.DatabaseResilienceTest","testNetworkFailureDuringSave","Simulācija: Tīkla pārrāvums tieši datu saglabāšanas brīdī",""
"passed","Thu Feb 12 22:50:24 EET 2026","Thu Feb 12 22:50:24 EET 2026","3","","Procedūra: Klienta lietas noformēšana","","lv.socialcare.ClientCardServiceTest","testFindByClientId","Meklēšana: Vai var atrast klienta karti pēc ID?",""
"passed","Thu Feb 12 22:50:27 EET 2026","Thu Feb 12 22:50:27 EET 2026","220","","Avārijas atkopšana: Datu integritāte pēc 'crash'","","lv.socialcare.CrashRecoveryTest","testCrashDuringTransaction","Simulācija: Avārija transakcijas vidū (Rollback)",""
"passed","Thu Feb 12 22:50:24 EET 2026","Thu Feb 12 22:50:24 EET 2026","1","","Audits: Izmaiņu detektīvs","","lv.socialcare.ClientChangeDetectorTest","testSingleFieldChange","Pārbaude: Vai pamanīta vārda maiņa?",""
"passed","Thu Feb 12 22:50:45 EET 2026","Thu Feb 12 22:50:45 EET 2026","3","","Offline: MedRequestRepository noturības testi","","lv.socialcare.MedRequestRepositoryOfflineTest","testGetAllRequests_NetworkFailure_ThrowsException","Scenārijs: Tīkla kļūda ielādējot pieprasījumus",""
"passed","Thu Feb 12 22:50:11 EET 2026","Thu Feb 12 22:50:14 EET 2026","2247","","Arhīvs: Nodarbību žurnāla pārvaldība","","lv.socialcare.ActivityRepositoryTest","testGetBlokiExcludesDeleted","Pārbaude: Vai bloku sarakstā neparādās dzēstie ieraksti?",""
"passed","Thu Feb 12 22:50:24 EET 2026","Thu Feb 12 22:50:24 EET 2026","2","","Loģika: Klientu vēstures un datumu validācija","","lv.socialcare.ClientHistoryValidationTest","testAdmissionBeforeBirth","Pārbaude: Vai aizliegts iestāties pirms dzimšanas?",""
"passed","Thu Feb 12 22:50:36 EET 2026","Thu Feb 12 22:50:36 EET 2026","2","","Uzņemšana: Dublikātu detektors","","lv.socialcare.KarteDuplicateDetectionServiceTest","testCheckByName_SimilarNameExists","Pārbaude: Vai sistēma brīdina par līdzīgiem vārdiem?",""
"passed","Thu Feb 12 22:50:36 EET 2026","Thu Feb 12 22:50:37 EET 2026","1005","","Offline: KlientsRepository noturības testi","","lv.socialcare.KlientsRepositoryOfflineTest","testGetAllKlienti_NetworkFailure_ReturnsEmptyList","Scenārijs: Tīkla kļūda ielādējot klientus",""
"passed","Thu Feb 12 22:50:46 EET 2026","Thu Feb 12 22:50:46 EET 2026","2","","lv.socialcare.OfflineBufferServiceTest","","lv.socialcare.OfflineBufferServiceTest","testHasPendingChangesReturnsTrueWhenRepoReturnsData","testHasPendingChangesReturnsTrueWhenRepoReturnsData()",""
"passed","Thu Feb 12 22:50:46 EET 2026","Thu Feb 12 22:50:46 EET 2026","2","","Drošība: Versiju kontrole (Optimistic Locking)","","lv.socialcare.OptimisticLockingTest","testProtokolsConflict_UserB_SavesFirst","Konflikts: Protokola vienlaicīga labošana",""
"passed","Thu Feb 12 22:50:46 EET 2026","Thu Feb 12 22:50:46 EET 2026","107","","Konkurence: Sacensības apstākļi (Race Condition)","","lv.socialcare.RaceConditionTest","testConcurrentEditAttempts","Simulācija: 20 darbinieki vienlaicīgi mēģina paķert vienu lietu",""
"passed","Thu Feb 12 22:50:42 EET 2026","Thu Feb 12 22:50:43 EET 2026","1007","","Offline: ListRepository noturības testi","","lv.socialcare.ListRepositoryOfflineTest","testConcurrentAccessWithFlakyNetwork","Scenārijs 4: Vairāki lietotāji vienlaicīgi (Concurrency + Flaky Network)",""
"passed","Thu Feb 12 22:50:35 EET 2026","Thu Feb 12 22:50:35 EET 2026","636","","Atskaites: Excel ģenerēšanas cehs","","lv.socialcare.ExcelFunctionalityTest","testExcelContentValidation","Kvalitāte: Vai eksportētajā failā ir pareizie dati?",""
"passed","Thu Feb 12 22:50:46 EET 2026","Thu Feb 12 22:50:46 EET 2026","3","","Drošība: Versiju kontrole (Optimistic Locking)","","lv.socialcare.OptimisticLockingTest","testActivityDefinitionConflict_AdminB_SavesFirst","Konflikts: Aktivitāšu klasifikatora vienlaicīga labošana",""
"passed","Thu Feb 12 22:50:33 EET 2026","Thu Feb 12 22:50:35 EET 2026","1436","","Atskaites: Excel ģenerēšanas cehs","","lv.socialcare.ExcelFunctionalityTest","testMasterRegisterExport","Process: Lielā klientu reģistra eksports uz Excel",""
"passed","Thu Feb 12 22:50:24 EET 2026","Thu Feb 12 22:50:24 EET 2026","6","","Procedūra: Klienta lietas noformēšana","","lv.socialcare.ClientCardServiceTest","testSaveFullClientCardData_Success","Process: Pilna klienta lietas saglabāšana (Transakcija veiksmīga)",""
"passed","Tue Feb 10 11:29:30 EET 2026","Tue Feb 10 11:29:30 EET 2026","3","","lv.socialcare.ScenariosSimulationTest","","lv.socialcare.ScenariosSimulationTest","testScenario1_ConcurrentEditing_OnlineConflict","testScenario1_ConcurrentEditing_OnlineConflict()",""
"passed","Thu Feb 12 22:50:24 EET 2026","Thu Feb 12 22:50:24 EET 2026","5","","lv.socialcare.ClientCardDataOrchestratorTest","","lv.socialcare.ClientCardDataOrchestratorTest","releaseLock_ShouldUnlockClient","releaseLock_ShouldUnlockClient()",""
"passed","Thu Feb 12 22:50:28 EET 2026","Thu Feb 12 22:50:30 EET 2026","1008","","Noturība: Elektrības pārrāvums arhīvā","","lv.socialcare.DatabaseResilienceTest","testNetworkFailureDuringLoad","Simulācija: Tīkla pārrāvums datu ielādes (SELECT) laikā",""
"passed","Thu Feb 12 22:50:36 EET 2026","Thu Feb 12 22:50:36 EET 2026","1","","Uzņemšana: Dublikātu detektors","","lv.socialcare.KarteDuplicateDetectionServiceTest","testCheckByPersonalCode_NoDuplicate","Pārbaude: Vai sistēma atļauj reģistrēt jaunu, neredzētu PK?",""
"passed","Thu Feb 12 22:50:45 EET 2026","Thu Feb 12 22:50:45 EET 2026","4","","Komunikācija: Paziņojumu dēlis","","lv.socialcare.NotificationRepositoryTest","testHasNotificationBeenShown_IsDocumentTypeSpecific","Pārbaude: Vai paziņojumi par pasi un ID karti nesajaucas?",""
"passed","Thu Feb 12 22:50:24 EET 2026","Thu Feb 12 22:50:24 EET 2026","4","","Procedūra: Klienta lietas noformēšana","","lv.socialcare.ClientCardServiceTest","testSaveClientCardAndFamilyMembers","Pārbaude: Vai var saglabāt klientu kopā ar piederīgajiem?",""
"passed","Thu Feb 12 22:50:25 EET 2026","Thu Feb 12 22:50:25 EET 2026","67","","KIBERDROŠĪBA: Visaptverošs sistēmas noturības tests","","lv.socialcare.ComprehensiveSecurityStressTest","testPrivilegeEscalation","3. Privilēģiju eskalācijas mēģinājums (Unauthorized Admin Access)",""
"passed","Thu Feb 12 22:50:24 EET 2026","Thu Feb 12 22:50:24 EET 2026","1","","Loģika: Klientu vēstures un datumu validācija","","lv.socialcare.ClientHistoryValidationTest","testDepartureBeforeAdmission","Pārbaude: Vai aizliegts izstāties pirms iestāšanās?",""
"passed","Thu Feb 12 22:50:24 EET 2026","Thu Feb 12 22:50:25 EET 2026","155","","KIBERDROŠĪBA: Visaptverošs sistēmas noturības tests","","lv.socialcare.ComprehensiveSecurityStressTest","testDataLengthValidation","7. Application Layer DoS: Datu garuma validācija",""
"passed","Thu Feb 12 22:50:26 EET 2026","Thu Feb 12 22:50:26 EET 2026","12","","Stresa tests: Rinda pie reģistratūras","","lv.socialcare.ConcurrentDataAccessStressTest","concurrentUserModificationTest","Simulācija: Vienlaicīga lietotāju profilu rediģēšana",""
"passed","Thu Feb 12 22:50:54 EET 2026","Thu Feb 12 22:50:54 EET 2026","3","","lv.socialcare.UserCredentialsRepositoryTest","","lv.socialcare.UserCredentialsRepositoryTest","testSafeRoleValueOfWithValidRole","safeRoleValueOf: Jāatgriež pareiza loma, ja tā ir derīga",""
"passed","Thu Feb 12 22:50:22 EET 2026","Thu Feb 12 22:50:24 EET 2026","1930","","lv.socialcare.ClientCardDataOrchestratorTest","","lv.socialcare.ClientCardDataOrchestratorTest","loadDataForClient_ShouldLoadDataAndLock_WhenNotReadOnly","loadDataForClient_ShouldLoadDataAndLock_WhenNotReadOnly()",""
"passed","Thu Feb 12 22:50:27 EET 2026","Thu Feb 12 22:50:27 EET 2026","64","","lv.socialcare.DatabaseConnectionManagerTest","","lv.socialcare.DatabaseConnectionManagerTest","testConnection_WrongServerIdentity","Agresīvais drošības scenārijs: Portam 3306 nav licences (Hakeru lamatas)",""
"passed","Thu Feb 12 22:50:22 EET 2026","Thu Feb 12 22:50:22 EET 2026","79","","Haoss: Huligāns mēģina sagraut kartotēku","","lv.socialcare.ChaosMonkeyTest","testNullInRequiredFields","Kļūda: Mēģinājums reģistrēt klientu bez vārda (Null vērtības)",""
"passed","Thu Feb 12 22:50:46 EET 2026","Thu Feb 12 22:50:46 EET 2026","4","","lv.socialcare.OfflineBufferServiceTest","","lv.socialcare.OfflineBufferServiceTest","testSaveToBufferDelegatesToRepository","testSaveToBufferDelegatesToRepository()",""
"passed","Thu Feb 12 22:50:26 EET 2026","Thu Feb 12 22:50:26 EET 2026","50","","KIBERDROŠĪBA: Visaptverošs sistēmas noturības tests","","lv.socialcare.ComprehensiveSecurityStressTest","testXssPersistence","2. XSS un ļaunprātīga satura filtrēšana",""
"passed","Thu Feb 12 22:50:46 EET 2026","Thu Feb 12 22:50:46 EET 2026","2","","Diagnostika: Vispārējā sistēmas veselības pārbaude","","lv.socialcare.ProjectHealthCheckTest","testDateLogicValidation","Loģika: Vai sistēma saprot laika tecējumu (Aiziešana nevar būt pirms Iestāšanās)?",""
"passed","Thu Feb 12 22:50:54 EET 2026","Thu Feb 12 22:50:55 EET 2026","1261","","UI: Robots pārbauda saskarni (E2E)","","lv.socialcare.UserInterfaceE2ETest","testClickSimulation","Simulācija: Robots klikšķina uz pogām",""
"passed","Thu Feb 12 22:50:53 EET 2026","Thu Feb 12 22:50:53 EET 2026","59","","Kodoltests: Apocalypse Orchestrator","","lv.socialcare.TheNuclearDataIntegrityTest","testRaceConditionChaosFront","Konkurējošais Haoss: Hunger Games, Conflict Hub, Deadlock",""
"passed","Thu Feb 12 22:50:46 EET 2026","Thu Feb 12 22:50:46 EET 2026","4","","Drošība: Paroles maiņas loģika","","lv.socialcare.PasswordChangeTest","testChangePassword_Success","Pārbaude: Vai var nomainīt paroli ar pareizu veco paroli?",""
"passed","Thu Feb 12 22:50:45 EET 2026","Thu Feb 12 22:50:45 EET 2026","8","","Integrācija: Jaunās nodaļas (Plānošana un Validācija)","","lv.socialcare.NewArchitectureIntegrationTest","testPlanServiceExportPreparation","Process: Datu sagatavošana plāna eksportam",""
"passed","Thu Feb 12 22:50:35 EET 2026","Thu Feb 12 22:50:35 EET 2026","44","","Infrastruktūra: H2 Shēmas Validācija","","lv.socialcare.H2SchemaValidationTest","testCriticalColumnsExist","Pārbaude: Vai kritiskās kolonnas (is_deleted, last_updated) eksistē?",""
"passed","Tue Feb 10 11:29:30 EET 2026","Tue Feb 10 11:29:30 EET 2026","3","","lv.socialcare.ScenariosSimulationTest","","lv.socialcare.ScenariosSimulationTest","testScenario3_OfflineEditing_SyncConflict","testScenario3_OfflineEditing_SyncConflict()",""
"passed","Thu Feb 12 22:50:36 EET 2026","Thu Feb 12 22:50:36 EET 2026","2","","Uzņemšana: Dublikātu detektors","","lv.socialcare.KarteDuplicateDetectionServiceTest","testCheckByPersonalCode_DuplicateExists","Pārbaude: Vai sistēma atpazīst klientu, kas jau ir reģistrēts (pēc PK)?",""
"passed","Thu Feb 12 22:50:36 EET 2026","Thu Feb 12 22:50:36 EET 2026","2","","Kvalitāte: Ievades lauku korektors","","lv.socialcare.KarteValidationServiceTest","testValidateDate","Pārbaude: Datuma formāta validācija",""
"passed","Thu Feb 12 22:50:14 EET 2026","Thu Feb 12 22:50:14 EET 2026","10","","Administrācija: Vadītāja tiesības un sistēmas tīrīšana","","lv.socialcare.AdminServiceTest","testClearDatabase_Authorized","Drošība: Vai vadītājs var veikt pilnu sistēmas tīrīšanu?",""
"passed","Thu Feb 12 22:50:28 EET 2026","Thu Feb 12 22:50:28 EET 2026","141","","Infrastruktūra: Arhīva plauktu pārbūve (Migrācija)","","lv.socialcare.DatabaseMigrationTest","testSchemaMigrationPreservesData","Pārbaude: Vai pārbūvējot plauktus (v1->v2), vecie dokumenti nepazūd?",""
"passed","Thu Feb 12 22:50:45 EET 2026","Thu Feb 12 22:50:45 EET 2026","8","","Noturības tests: Kā sistēma reaģē uz tīkla pazušanu?","","lv.socialcare.NetworkResilienceStressTest","testNetworkFlappingResilience","Scenārijs: Interneta raustīšanās (Flapping) - Ieslēdzas/Izslēdzas",""
"passed","Thu Feb 12 22:50:30 EET 2026","Thu Feb 12 22:50:30 EET 2026","0","","Kvalitātes kontrole: Datu ievades stresa tests","","lv.socialcare.DataValidationStressTest","testAmbiguousWhitespaceInput","Pārbaude: Vai sistēma pamana, ja vārda vietā ievada tikai atstarpes?",""
"passed","Thu Feb 12 22:50:48 EET 2026","Thu Feb 12 22:50:48 EET 2026","214","","Simulācija: 10 Scenāriji (PC1-PC4, Offline/Online)","","lv.socialcare.ScenariosSimulationTest","testHalfFinishedTransaction","11. Scenārijs: Kritisks - Puspabeigta Transakcija (Split-Brain)",""
"passed","Thu Feb 12 22:50:49 EET 2026","Thu Feb 12 22:50:49 EET 2026","244","","Simulācija: 10 Scenāriji (PC1-PC4, Offline/Online)","","lv.socialcare.ScenariosSimulationTest","testConflictLastWriteWins","3. Scenārijs: Konflikts - PC2 un PC3 maina vienu un to pašu (Last Write Wins)",""
"passed","Thu Feb 12 22:50:51 EET 2026","Thu Feb 12 22:50:52 EET 2026","911","","Drošība: Ievainojamību meklēšana","","lv.socialcare.SecurityVulnerabilityTest","testSqlInjectionOnListRepository","Uzbrukums: SQL injekcija sarakstu pārvaldniekā",""
"passed","Thu Feb 12 22:50:33 EET 2026","Thu Feb 12 22:50:33 EET 2026","6","","Birokrātija: Vai instrukcija atbilst realitātei?","","lv.socialcare.DocumentationConsistencyTest","testPackageHierarchyExists","Pārbaude: Vai dokumentētā pakešu struktūra ir pareiza?",""
"passed","Thu Feb 12 22:50:47 EET 2026","Thu Feb 12 22:50:47 EET 2026","8","","UI: Asinhronā saglabāšana (SaveTaskHelper)","","lv.socialcare.SaveTaskHelperTest","testRunSaveTask_Failure_CallsErrorHandler","UX: Vai kļūdas gadījumā tiek izsaukts trauksmes ziņojums?",""
"passed","Thu Feb 12 22:50:49 EET 2026","Thu Feb 12 22:50:49 EET 2026","153","","Simulācija: 10 Scenāriji (PC1-PC4, Offline/Online)","","lv.socialcare.ScenariosSimulationTest","testOfflineSync","2. Scenārijs: PC2 Offline (izmaiņas) -> Online (Sinhronizācija)",""
"passed","Thu Feb 12 22:50:30 EET 2026","Thu Feb 12 22:50:30 EET 2026","1","","Kvalitātes kontrole: Datu ievades stresa tests","","lv.socialcare.DataValidationStressTest","testMalformedPersonalCode","Pārbaude: Vai sistēma noraida kļūdainus personas kodus?",""
"passed","Thu Feb 12 22:50:46 EET 2026","Thu Feb 12 22:50:46 EET 2026","1","","Drošība: Versiju kontrole (Optimistic Locking)","","lv.socialcare.OptimisticLockingTest","testMedRequestConflict_UserB_SavesFirst","Konflikts: Medikamentu pieprasījuma vienlaicīga labošana",""
"passed","Thu Feb 12 22:50:52 EET 2026","Thu Feb 12 22:50:53 EET 2026","379","","Drošība: Sistēmas aizsardzības mehānismi","","lv.socialcare.SystemSecurityTest","testDigitalSignatureIntegrity","Kriptogrāfija: Vai digitālie paraksti strādā un pamana viltojumus?",""
"passed","Thu Feb 12 22:50:46 EET 2026","Thu Feb 12 22:50:46 EET 2026","1","","Drošība: Versiju kontrole (Optimistic Locking)","","lv.socialcare.OptimisticLockingTest","testAllFieldsAreCoveredByTimestampCheck","Pārbaude: Vai jebkura lauka maiņa izraisa versijas konfliktu?",""
"passed","Thu Feb 12 22:50:36 EET 2026","Thu Feb 12 22:50:36 EET 2026","40","","Arhīvs: Darbs ar reālu datubāzi (H2)","","lv.socialcare.KlientsRepositoryIntegrationTest","testUpdateKlients","Operācija: Klienta datu atjaunošana (Labojums)",""
"passed","Thu Feb 12 22:50:47 EET 2026","Thu Feb 12 22:50:47 EET 2026","65","","UI: Asinhronā saglabāšana (SaveTaskHelper)","","lv.socialcare.SaveTaskHelperTest","testRunSaveTask_Success_EnablesUI","UX: Vai pogas tiek ieslēgtas pēc veiksmīgas saglabāšanas?",""
"passed","Thu Feb 12 22:50:30 EET 2026","Thu Feb 12 22:50:30 EET 2026","3","","Kvalitātes kontrole: Datu ievades stresa tests","","lv.socialcare.DataValidationStressTest","testTextExceedingDbLimit","Stress: Mēģinājums ierakstīt romānu vārda laukā (Buffer Overflow)",""
"passed","Thu Feb 12 22:50:27 EET 2026","Thu Feb 12 22:50:27 EET 2026","415","","lv.socialcare.DatabaseConnectionManagerTest","","lv.socialcare.DatabaseConnectionManagerTest","testFailOverToLocal","Fail-Over: Pārslēgšanās uz lokālo DB",""
"passed","Tue Feb 10 11:29:30 EET 2026","Tue Feb 10 11:29:30 EET 2026","3","","lv.socialcare.ScenariosSimulationTest","","lv.socialcare.ScenariosSimulationTest","testScenario8_Security_NoRights","testScenario8_Security_NoRights()",""
"passed","Thu Feb 12 22:50:21 EET 2026","Thu Feb 12 22:50:22 EET 2026","126","","Haoss: Huligāns mēģina sagraut kartotēku","","lv.socialcare.ChaosMonkeyTest","testDataLengthViolation","Uzbrukums: Mēģinājums iesniegt bezgalīgi garu veidlapu (Buffer Overflow)",""
"passed","Thu Feb 12 22:50:24 EET 2026","Thu Feb 12 22:50:24 EET 2026","2","","Loģika: Klientu vēstures un datumu validācija","","lv.socialcare.ClientHistoryValidationTest","testFutureDatesForbidden","Pārbaude: Vai aizliegts ievadīt datumus nākotnē?",""
"passed","Thu Feb 12 22:50:14 EET 2026","Thu Feb 12 22:50:14 EET 2026","24","","Arhīvs: Nodarbību žurnāla pārvaldība","","lv.socialcare.ActivityRepositoryTest","testSoftDeleteFunctionality","Pārbaude: Vai izdzēstās nodarbības tiešām pazūd no saraksta (Soft Delete)?",""
"passed","Thu Feb 12 22:50:55 EET 2026","Thu Feb 12 22:50:55 EET 2026","3","","Drošība: Lietotāju sesiju žurnāls","","lv.socialcare.UserSessionRepositoryTest","testRemoveUserSession","Pārbaude: Vai izrakstīšanās tiešām dzēš sesiju?",""
"passed","Thu Feb 12 22:50:33 EET 2026","Thu Feb 12 22:50:33 EET 2026","34","","Birokrātija: Dokumentācijas audits","","lv.socialcare.DeepDocumentationAuditTest","testAllProjectFilesAreDocumented","Audits (Reverss): Vai VISI projekta faili ir pieminēti dokumentācijā?",""
"passed","Thu Feb 12 22:50:26 EET 2026","Thu Feb 12 22:50:26 EET 2026","61","","Stresa tests: Rinda pie reģistratūras","","lv.socialcare.ConcurrentDataAccessStressTest","concurrentWriteStressTest","Simulācija: 9 darbinieki vienlaicīgi labo viena klienta karti",""
"passed","Thu Feb 12 22:50:24 EET 2026","Thu Feb 12 22:50:24 EET 2026","1","","Statistika: Klientu datu validācija","","lv.socialcare.ClientValidatorTest","testMalformedPersonalCode","Pārbaude: Vai validators noraida acīmredzami nepareizu personas kodu?",""
"passed","Thu Feb 12 22:50:22 EET 2026","Thu Feb 12 22:50:22 EET 2026","73","","Haoss: Huligāns mēģina sagraut kartotēku","","lv.socialcare.ChaosMonkeyTest","testForeignKeyViolation","Kļūda: Atsauce uz neeksistējošu aprūpes līmeni (Foreign Key)",""
"passed","Thu Feb 12 22:50:46 EET 2026","Thu Feb 12 22:50:46 EET 2026","3","","Diagnostika: Vispārējā sistēmas veselības pārbaude","","lv.socialcare.ProjectHealthCheckTest","testOptimisticLocking","Integritāte: Vai strādā versiju bloķēšana (Optimistic Lock)?",""
"passed","Thu Feb 12 22:50:35 EET 2026","Thu Feb 12 22:50:35 EET 2026","2","","Atskaites: Excel ģenerēšanas cehs","","lv.socialcare.ExcelFunctionalityTest","testExcelTemplateExistence","Pārbaude: Vai Excel šablons ir pieejams?",""
"passed","Thu Feb 12 22:50:53 EET 2026","Thu Feb 12 22:50:53 EET 2026","1","","Haoss: The Chaos Monkey (Resursu izsmelšana)","","lv.socialcare.TheChaosMonkeyTest","testRecursiveStructure","Rekursīvā 'nāves cilpa' (Stack Overflow Simulation)",""
"passed","Thu Feb 12 22:50:45 EET 2026","Thu Feb 12 22:50:45 EET 2026","9","","Stress: Cīņa par atslēgu (Race Condition)","","lv.socialcare.LockingStressTest","testExactMomentLocking","Simulācija: Divi darbinieki vienā milisekundē mēģina paņemt vienu lietu",""
"passed","Tue Feb 10 11:29:30 EET 2026","Tue Feb 10 11:29:30 EET 2026","2","","lv.socialcare.ScenariosSimulationTest","","lv.socialcare.ScenariosSimulationTest","testScenario4_AuditLog_Readable","testScenario4_AuditLog_Readable()",""
"passed","Thu Feb 12 22:50:46 EET 2026","Thu Feb 12 22:50:46 EET 2026","105","","Diagnostika: Vispārējā sistēmas veselības pārbaude","","lv.socialcare.ProjectHealthCheckTest","testDuplicateDetection","Integritāte: Vai sistēma pamana dubultniekus?",""
"passed","Thu Feb 12 22:50:53 EET 2026","Thu Feb 12 22:50:53 EET 2026","44","","Haoss: The Chaos Monkey (Resursu izsmelšana)","","lv.socialcare.TheChaosMonkeyTest","testNetworkStorm","Tīkla 'vētras' simulācija (Network Storm)",""
"passed","Thu Feb 12 22:50:37 EET 2026","Thu Feb 12 22:50:38 EET 2026","1006","","Offline: KlientsRepository noturības testi","","lv.socialcare.KlientsRepositoryOfflineTest","testGetAllKlienti_RetrySuccess","Scenārijs: RetryHelper darbība - 2 kļūdas, 3. izdodas",""
"passed","Thu Feb 12 22:50:50 EET 2026","Thu Feb 12 22:50:50 EET 2026","25","","Drošība: Ielaušanās testi (Penetration Testing)","","lv.socialcare.SecurityPenetrationTest","testSqlInjectionInSearch","Uzbrukums: Mēģinājums uzlauzt meklētāju (SQL Injection)",""
"passed","Thu Feb 12 22:50:24 EET 2026","Thu Feb 12 22:50:24 EET 2026","1","","Statistika: Klientu datu validācija","","lv.socialcare.ClientValidatorTest","testValidClient","Pārbaude: Vai validators pieņem korektu klientu?",""
"passed","Thu Feb 12 22:50:45 EET 2026","Thu Feb 12 22:50:45 EET 2026","9","","Komunikācija: Paziņojumu dēlis","","lv.socialcare.NotificationRepositoryTest","testHasNotificationBeenShown_ReturnsFalseWhenNotShown","Pārbaude: Vai sistēma zina, ka paziņojums vēl nav rādīts?",""
"passed","Thu Feb 12 22:50:46 EET 2026","Thu Feb 12 22:50:46 EET 2026","4","","lv.socialcare.OfflineBufferServiceTest","","lv.socialcare.OfflineBufferServiceTest","testSaveNewClientToBuffer","testSaveNewClientToBuffer()",""
"passed","Thu Feb 12 22:50:46 EET 2026","Thu Feb 12 22:50:46 EET 2026","2","","Drošība: Versiju kontrole (Optimistic Locking)","","lv.socialcare.OptimisticLockingTest","testPlanConflict_UserB_SavesFirst","Konflikts: Aprūpes plāna vienlaicīga labošana",""
"passed","Thu Feb 12 22:50:33 EET 2026","Thu Feb 12 22:50:33 EET 2026","34","","Birokrātija: Dokumentācijas audits","","lv.socialcare.DeepDocumentationAuditTest","testDocumentationQuality","Kvalitāte: Vai katram failam ir pievienots skaidrojums?",""
"passed","Thu Feb 12 22:50:25 EET 2026","Thu Feb 12 22:50:25 EET 2026","91","","KIBERDROŠĪBA: Visaptverošs sistēmas noturības tests","","lv.socialcare.ComprehensiveSecurityStressTest","testFuzzingValidation","5. Fuzzing: Nejaušu datu ievade validācijas apiešanai",""
"passed","Thu Feb 12 22:50:22 EET 2026","Thu Feb 12 22:50:22 EET 2026","103","","Haoss: Huligāns mēģina sagraut kartotēku","","lv.socialcare.ChaosMonkeyTest","testXssInjection","Uzbrukums: Mēģinājums ievadīt skriptu vārda vietā (XSS)",""
"passed","Thu Feb 12 22:50:40 EET 2026","Thu Feb 12 22:50:41 EET 2026","800","","Veiktspēja: Lielais arhīvs (50 000 klientu)","","lv.socialcare.LargeScaleDataPerformanceTest","testGetAllKlientiPerformance","Ātrums: Cik ātri varam pacelt visas 50 000 lietas?",""
"passed","Thu Feb 12 22:50:41 EET 2026","Thu Feb 12 22:50:41 EET 2026","32","","Veiktspēja: Lielais arhīvs (50 000 klientu)","","lv.socialcare.LargeScaleDataPerformanceTest","testFindClientsByNamePerformance","Ātrums: Konkrēta klienta meklēšana lielajā kaudzē",""
"passed","Thu Feb 12 22:50:36 EET 2026","Thu Feb 12 22:50:36 EET 2026","0","","Kvalitāte: Ievades lauku korektors","","lv.socialcare.KarteValidationServiceTest","testValidatePhoneNumber","Pārbaude: Telefona numura formāta validācija",""
"passed","Thu Feb 12 22:50:46 EET 2026","Thu Feb 12 22:50:46 EET 2026","2","","Drošība: Versiju kontrole (Optimistic Locking)","","lv.socialcare.OptimisticLockingTest","testNodarbibaConflict_UserB_SavesFirst","Konflikts: Nodarbību žurnāla vienlaicīga labošana",""
"passed","Thu Feb 12 22:50:46 EET 2026","Thu Feb 12 22:50:46 EET 2026","2","","Drošība: Paroles maiņas loģika","","lv.socialcare.PasswordChangeTest","testChangePassword_WeakPassword","Pārbaude: Vai sistēma noraida vājas paroles?",""
"passed","Thu Feb 12 22:50:36 EET 2026","Thu Feb 12 22:50:36 EET 2026","1","","Kvalitāte: Ievades lauku korektors","","lv.socialcare.KarteValidationServiceTest","testValidatePersonalCode","Pārbaude: Personas koda formāta validācija",""
"passed","Thu Feb 12 22:50:45 EET 2026","Thu Feb 12 22:50:45 EET 2026","138","","Noturības tests: Kā sistēma reaģē uz tīkla pazušanu?","","lv.socialcare.NetworkResilienceStressTest","testRefreshDashboard_HandlesNetworkFailureGracefully","Scenārijs: Tīkls pazūd datu atjaunošanas laikā",""
"passed","Thu Feb 12 22:50:22 EET 2026","Thu Feb 12 22:50:22 EET 2026","82","","Haoss: Huligāns mēģina sagraut kartotēku","","lv.socialcare.ChaosMonkeyTest","testSpecialCharactersAndEmoji","Tests: Vai sistēma saprot emocijikonas un speciālos simbolus?",""
"passed","Thu Feb 12 22:50:26 EET 2026","Thu Feb 12 22:50:26 EET 2026","11","","Stresa tests: Rinda pie reģistratūras","","lv.socialcare.ConcurrentDataAccessStressTest","concurrentActivityModificationTest","Simulācija: Vienlaicīga nodarbību žurnāla labošana",""
"passed","Thu Feb 12 22:50:24 EET 2026","Thu Feb 12 22:50:24 EET 2026","2","","Audits: Izmaiņu detektīvs","","lv.socialcare.ClientChangeDetectorTest","testMultipleChanges","Pārbaude: Vai pamanītas vairākas izmaiņas vienlaicīgi?",""
"passed","Thu Feb 12 22:50:33 EET 2026","Thu Feb 12 22:50:33 EET 2026","226","","Birokrātija: Vai instrukcija atbilst realitātei?","","lv.socialcare.DocumentationConsistencyTest","testDocumentedClassesExist","Pārbaude: Vai instrukcijā minētās klases eksistē kodā?",""
"passed","Thu Feb 12 22:50:53 EET 2026","Thu Feb 12 22:50:53 EET 2026","32","","Kodoltests: Apocalypse Orchestrator","","lv.socialcare.TheNuclearDataIntegrityTest","testDataTerrorFront","Datu Terors: SQL Injection, XSS, Null Byte, UTF-16, Zero-Width",""
"passed","Thu Feb 12 22:50:22 EET 2026","Thu Feb 12 22:50:22 EET 2026","107","","Haoss: Huligāns mēģina sagraut kartotēku","","lv.socialcare.ChaosMonkeyTest","testSqlInjectionInTextFields","Uzbrukums: Mēģinājums piemānīt arhīvu ar viltotām komandām (SQL Injection)",""
"passed","Thu Feb 12 22:50:53 EET 2026","Thu Feb 12 22:50:53 EET 2026","459","","Stresa tests: Sistēmas stabilitāte","","lv.socialcare.SystemStressTest","testConcurrentDatabaseAccess","Simulācija: 10 lietotāji intensīvi lasa un raksta datus",""
"passed","Thu Feb 12 22:50:36 EET 2026","Thu Feb 12 22:50:36 EET 2026","37","","Arhīvs: Darbs ar reālu datubāzi (H2)","","lv.socialcare.KlientsRepositoryIntegrationTest","testSaveAndGetKlients","Operācija: Klienta lietas izveide un atrašana",""
"passed","Thu Feb 12 22:50:46 EET 2026","Thu Feb 12 22:50:46 EET 2026","1","","Drošība: Paroles maiņas loģika","","lv.socialcare.PasswordChangeTest","testPasswordHashing","Pārbaude: Vai sistēma pareizi hešē paroli?",""
"passed","Thu Feb 12 22:50:48 EET 2026","Thu Feb 12 22:50:48 EET 2026","134","","Simulācija: 10 Scenāriji (PC1-PC4, Offline/Online)","","lv.socialcare.ScenariosSimulationTest","testAllOnlineRealtime","1. Scenārijs: Visi Online - Datu plūsma reāllaikā",""
"passed","Thu Feb 12 22:50:46 EET 2026","Thu Feb 12 22:50:46 EET 2026","46","","Datu bāze: Plānu repozitorija testi","","lv.socialcare.PlanRepositoryTest","testSoftDeleteFiltering","Pārbaude: Vai dzēstie plāni tiek filtrēti (Soft Delete)?",""
"passed","Thu Feb 12 22:50:30 EET 2026","Thu Feb 12 22:50:30 EET 2026","1","","Resursi: Vai veidlapu skapis ir pilns?","","lv.socialcare.DataFilesAvailabilityTest","testDataFilesExist","Pārbaude: Vai visas obligātās Excel veidlapas ir savās vietās?",""
"passed","Thu Feb 12 22:50:49 EET 2026","Thu Feb 12 22:50:49 EET 2026","127","","Simulācija: 10 Scenāriji (PC1-PC4, Offline/Online)","","lv.socialcare.ScenariosSimulationTest","testInputPersistence","10. Scenārijs: Datu integritāte - FXML ievades lauki",""
"passed","Thu Feb 12 22:50:46 EET 2026","Thu Feb 12 22:50:46 EET 2026","4","","Diagnostika: Vispārējā sistēmas veselības pārbaude","","lv.socialcare.ProjectHealthCheckTest","testInputValidationSecurity","Drošība: Vai sistēma nesabrūk no tukšiem solījumiem (Null/Empty)?",""
"passed","Thu Feb 12 22:50:45 EET 2026","Thu Feb 12 22:50:45 EET 2026","2","","Integrācija: Jaunās nodaļas (Plānošana un Validācija)","","lv.socialcare.NewArchitectureIntegrationTest","testClientDataDTOValidationFailure","Pārbaude: DTO validācija ar kļūdainiem datiem",""
"passed","Thu Feb 12 22:50:45 EET 2026","Thu Feb 12 22:50:45 EET 2026","3","","Komunikācija: Paziņojumu dēlis","","lv.socialcare.NotificationRepositoryTest","testHasNotificationBeenShown_IsUserSpecific","Pārbaude: Vai paziņojums ir personīgs (citi to neredz)?",""
"passed","Thu Feb 12 22:50:53 EET 2026","Thu Feb 12 22:50:53 EET 2026","0","","Haoss: The Chaos Monkey (Resursu izsmelšana)","","lv.socialcare.TheChaosMonkeyTest","testIntegerOverflow","Lielo skaitļu apstrāde (Integer Overflow)",""
"passed","Thu Feb 12 22:50:48 EET 2026","Thu Feb 12 22:50:48 EET 2026","127","","Simulācija: 10 Scenāriji (PC1-PC4, Offline/Online)","","lv.socialcare.ScenariosSimulationTest","testH2MySQLMigration","4. Scenārijs: H2 un MySQL migrācija (Datu integritāte)",""
"passed","Thu Feb 12 22:50:36 EET 2026","Thu Feb 12 22:50:36 EET 2026","3","","Uzņemšana: Dublikātu detektors","","lv.socialcare.KarteDuplicateDetectionServiceTest","testCheckByName_EmptyInput","Pārbaude: Kā detektors reaģē uz tukšu ievadi?",""
"passed","Thu Feb 12 22:50:52 EET 2026","Thu Feb 12 22:50:52 EET 2026","595","","Veiktspēja: Sistēmas ātrdarbība","","lv.socialcare.SystemPerformanceTest","testLargeRegisterExportPerformance","Tests: Cik ātri var eksportēt 1000 klientus uz Excel?",""
"passed","Thu Feb 12 22:50:14 EET 2026","Thu Feb 12 22:50:14 EET 2026","363","","Administrācija: Vadītāja tiesības un sistēmas tīrīšana","","lv.socialcare.AdminServiceTest","testClearDatabase_Unauthorized","Drošība: Vai parasts darbinieks tiek apturēts, mēģinot izdzēst visu arhīvu?",""
"passed","Thu Feb 12 22:50:44 EET 2026","Thu Feb 12 22:50:45 EET 2026","1004","","Offline: ListRepository noturības testi","","lv.socialcare.ListRepositoryOfflineTest","testGetManagedList_NetworkFailure_ReturnsEmptyList","Scenārijs 1: Pilnīgs tīkla pārrāvums (Offline)",""
"passed","Thu Feb 12 22:50:47 EET 2026","Thu Feb 12 22:50:47 EET 2026","12","","Drošība: Ierakstu bloķēšanas serviss","","lv.socialcare.RecordLockingServiceTest","testConcurrencyLockingFlow","Scenārijs: Bloķēšanas, piekļuves lieguma un atbloķēšanas cikls",""
"passed","Thu Feb 12 22:50:46 EET 2026","Thu Feb 12 22:50:46 EET 2026","34","","Veiktspēja: Sistēmas noturība zem slodzes","","lv.socialcare.PerformanceStressTest","testDatabaseConnectionPoolStress","Stresa tests: 1000 vienlaicīgi pieprasījumi datubāzei",""
"passed","Thu Feb 12 22:50:54 EET 2026","Thu Feb 12 22:50:54 EET 2026","47","","Kodoltests: Apocalypse Orchestrator","","lv.socialcare.TheNuclearDataIntegrityTest","testLogicParadoxFront","Loģikas Paradoksi: Nākotnes cilvēki, Laika cilpas, Mirušo reģistrācija",""
"passed","Thu Feb 12 22:50:24 EET 2026","Thu Feb 12 22:50:24 EET 2026","264","","lv.socialcare.ClientRegisterControllerTest","","lv.socialcare.ClientRegisterControllerTest","testHandleDeleteClient_Success","testHandleDeleteClient_Success()",""
"passed","Thu Feb 12 22:50:24 EET 2026","Thu Feb 12 22:50:24 EET 2026","1","","Audits: Izmaiņu detektīvs","","lv.socialcare.ClientChangeDetectorTest","testBooleanFormatting","Formatēšana: Vai Jā/Nē izmaiņas tiek pareizi aprakstītas?",""
"passed","Thu Feb 12 22:50:41 EET 2026","Thu Feb 12 22:50:42 EET 2026","1004","","Offline: ListRepository noturības testi","","lv.socialcare.ListRepositoryOfflineTest","testRecoveryAfterFailure","Scenārijs 5: Atjaunošanās pēc kļūdas (Recovery)",""
"passed","Thu Feb 12 22:50:24 EET 2026","Thu Feb 12 22:50:24 EET 2026","1","","Statistika: Klientu datu validācija","","lv.socialcare.ClientValidatorTest","testNewPersonalCodeFormat","Pārbaude: Vai validators atpazīst jauno PK formātu?",""
"passed","Thu Feb 12 22:50:30 EET 2026","Thu Feb 12 22:50:30 EET 2026","3","","Kvalitātes kontrole: Datu ievades stresa tests","","lv.socialcare.DataValidationStressTest","testFutureBirthDate","Pārbaude: Vai sistēma ļauj reģistrēt cilvēku, kas piedzims rīt?",""
"passed","Tue Feb 10 11:29:30 EET 2026","Tue Feb 10 11:29:30 EET 2026","21","","lv.socialcare.ScenariosSimulationTest","","lv.socialcare.ScenariosSimulationTest","testScenario7_Performance_OldPC","testScenario7_Performance_OldPC()",""
"passed","Thu Feb 12 22:50:25 EET 2026","Thu Feb 12 22:50:25 EET 2026","57","","KIBERDROŠĪBA: Visaptverošs sistēmas noturības tests","","lv.socialcare.ComprehensiveSecurityStressTest","testBufferOverflowAndDos","4. DoS (Denial of Service) simulācija ar milzīgiem datiem",""
"passed","Tue Feb 10 11:29:30 EET 2026","Tue Feb 10 11:29:30 EET 2026","3","","lv.socialcare.ScenariosSimulationTest","","lv.socialcare.ScenariosSimulationTest","testScenario5_Locking","testScenario5_Locking()",""
"passed","Thu Feb 12 22:50:43 EET 2026","Thu Feb 12 22:50:44 EET 2026","1016","","Offline: ListRepository noturības testi","","lv.socialcare.ListRepositoryOfflineTest","testGetManagedList_QueryFailure_ReturnsEmptyList","Scenārijs 3: Pārrāvums vaicājuma izpildes laikā",""
"passed","Thu Feb 12 22:50:14 EET 2026","Thu Feb 12 22:50:14 EET 2026","11","","Arhīvs: Nodarbību žurnāla pārvaldība","","lv.socialcare.ActivityRepositoryTest","testGetSpecialistiExcludesDeleted","Pārbaude: Vai speciālistu sarakstā neparādās dzēstie?",""
"passed","Thu Feb 12 22:50:46 EET 2026","Thu Feb 12 22:50:46 EET 2026","3","","Diagnostika: Vispārējā sistēmas veselības pārbaude","","lv.socialcare.ProjectHealthCheckTest","testRecordLockingService","Drošība: Vai strādā ierakstu aizslēgšana (Pessimistic Locking)?",""
"passed","Thu Feb 12 22:50:33 EET 2026","Thu Feb 12 22:50:33 EET 2026","5","","Birokrātija: Vai instrukcija atbilst realitātei?","","lv.socialcare.DocumentationConsistencyTest","testDatabaseSchemaMatchesDocumentation","Pārbaude: Vai datu vārdnīca atbilst reālajai klienta kartei?",""
"passed","Thu Feb 12 22:50:28 EET 2026","Thu Feb 12 22:50:28 EET 2026","4","","lv.socialcare.DatabaseConnectionManagerTest","","lv.socialcare.DatabaseConnectionManagerTest","testConnection_InvalidIP","Datu korupcija: Config satur 999.999.999.999",""
"passed","Thu Feb 12 22:50:46 EET 2026","Thu Feb 12 22:50:46 EET 2026","1","","Drošība: Versiju kontrole (Optimistic Locking)","","lv.socialcare.OptimisticLockingTest","testClientCardInfoConflict_UserB_SavesFirst","Konflikts: Papildinformācijas vienlaicīga labošana",""
"passed","Thu Feb 12 22:50:46 EET 2026","Thu Feb 12 22:50:46 EET 2026","3","","Diagnostika: Vispārējā sistēmas veselības pārbaude","","lv.socialcare.ProjectHealthCheckTest","testNaturalOrderComparator","UX: Vai saraksti kārtojas cilvēcīgi (1, 2, 10 nevis 1, 10, 2)?",""
"passed","Thu Feb 12 22:50:25 EET 2026","Thu Feb 12 22:50:25 EET 2026","81","","KIBERDROŠĪBA: Visaptverošs sistēmas noturības tests","","lv.socialcare.ComprehensiveSecurityStressTest","testMassiveSqlInjection","1. SQL Injekciju masveida uzbrukums visiem teksta laukiem",""
"passed","Thu Feb 12 22:50:33 EET 2026","Thu Feb 12 22:50:33 EET 2026","82","","Birokrātija: Vai instrukcija atbilst realitātei?","","lv.socialcare.DocumentationConsistencyTest","testDocumentedResourcesExist","Pārbaude: Vai dokumentētie resursi ir atrodami projektā?",""
"passed","Thu Feb 12 22:50:24 EET 2026","Thu Feb 12 22:50:24 EET 2026","9","","Statistika: Klientu datu validācija","","lv.socialcare.ClientValidatorTest","testInvalidDateLogic","Pārbaude: Vai validators noraida nepareizu datumu secību?",""
"passed","Thu Feb 12 22:50:45 EET 2026","Thu Feb 12 22:50:45 EET 2026","72","","Process: Darba dienas beigas (Aplikācijas aizvēršana)","","lv.socialcare.MainExitTest","testStopReleasesLocksAndShutsDownExecutors","Pārbaude: Vai aizverot centru, tiek atdotas atslēgas un izslēgta gaisma?",""
"passed","Thu Feb 12 22:50:53 EET 2026","Thu Feb 12 22:50:53 EET 2026","237","","Haoss: The Chaos Monkey (Resursu izsmelšana)","","lv.socialcare.TheChaosMonkeyTest","testMemoryExhaustion","Atmiņas noplūdes simulācija (Memory Leak Simulation)",""
"passed","Thu Feb 12 22:50:33 EET 2026","Thu Feb 12 22:50:33 EET 2026","6","","Birokrātija: Dokumentācijas audits","","lv.socialcare.DeepDocumentationAuditTest","testAllTestClassesAreDocumented","Audits: Vai visi veiktie testi ir aprakstīti dokumentācijā?",""
"passed","Thu Feb 12 22:50:45 EET 2026","Thu Feb 12 22:50:45 EET 2026","57","","Integrācija: Jaunās nodaļas (Plānošana un Validācija)","","lv.socialcare.NewArchitectureIntegrationTest","testClientDataDTOValidationSuccess","Pārbaude: DTO validācija ar korektiem datiem",""
"passed","Tue Feb 10 11:29:30 EET 2026","Tue Feb 10 11:29:30 EET 2026","3","","lv.socialcare.ScenariosSimulationTest","","lv.socialcare.ScenariosSimulationTest","testScenario10_DataIntegrity","testScenario10_DataIntegrity()",""
"passed","Thu Feb 12 22:50:47 EET 2026","Thu Feb 12 22:50:47 EET 2026","32","","Koda kvalitāte: Vai kontrolieri izmanto drošu saglabāšanu?","","lv.socialcare.SaveTaskHelperUsageTest","testSaveTaskHelperUsageInControllers","Audits: Vai visi kontrolieri izmanto SaveTaskHelper?",""
"passed","Thu Feb 12 22:50:55 EET 2026","Thu Feb 12 22:50:55 EET 2026","6","","Drošība: Lietotāju sesiju žurnāls","","lv.socialcare.UserSessionRepositoryTest","testGetActiveSessionId_WhenExpired","Pārbaude: Vai sistēma aizmirst tos, kas sen nav manīti (Expired)?",""
"passed","Thu Feb 12 22:50:24 EET 2026","Thu Feb 12 22:50:24 EET 2026","8","","Procedūra: Klienta lietas noformēšana","","lv.socialcare.ClientCardServiceTest","testSaveFullClientCardData_RollbackOnFailure","Kļūda: Vai sistēma atceļ visas izmaiņas, ja procesa vidū notiek kļūda (Rollback)?",""
"passed","Thu Feb 12 22:50:30 EET 2026","Thu Feb 12 22:50:30 EET 2026","6","","Noturība: Elektrības pārrāvums arhīvā","","lv.socialcare.DatabaseResilienceTest","testDatabaseDisappears","Simulācija: Kā sistēma uzvedas, ja pēkšņi pazūd savienojums ar datubāzi?",""
"passed","Thu Feb 12 22:50:24 EET 2026","Thu Feb 12 22:50:24 EET 2026","3","","lv.socialcare.ClientRegisterControllerTest","","lv.socialcare.ClientRegisterControllerTest","testHandleDeleteClient_ErrorHandling","testHandleDeleteClient_ErrorHandling()",""
"passed","Thu Feb 12 22:50:24 EET 2026","Thu Feb 12 22:50:24 EET 2026","1","","Loģika: Klientu vēstures un datumu validācija","","lv.socialcare.ClientHistoryValidationTest","testInsertBeforeHistory","Vēsture: Vai aizliegts ievietot datus pagātnē (pirms pirmā ieraksta)?",""
"passed","Thu Feb 12 22:50:21 EET 2026","Thu Feb 12 22:50:21 EET 2026","266","","Drošība: Arhīva rezerves kopēšana un atjaunošana","","lv.socialcare.BackupRestoreTest","testBackupAndRestoreCycle","Simulācija: Ugunsgrēks arhīvā - vai varam atjaunot datus no kopijas?",""
"passed","Thu Feb 12 22:50:26 EET 2026","Thu Feb 12 22:50:27 EET 2026","468","","Avārijas atkopšana: Datu integritāte pēc 'crash'","","lv.socialcare.CrashRecoveryTest","testDataPersistenceAfterCrash","Simulācija: Datu saglabāšana pirms avārijas (Durability)",""
"passed","Thu Feb 12 22:50:33 EET 2026","Thu Feb 12 22:50:33 EET 2026","3","","Birokrātija: Vai instrukcija atbilst realitātei?","","lv.socialcare.DocumentationConsistencyTest","testUseCasesExist","Pārbaude: Vai lietošanas scenārijiem (Use Cases) ir segums kodā?",""
"passed","Thu Feb 12 22:50:46 EET 2026","Thu Feb 12 22:50:46 EET 2026","67","","Diagnostika: Vispārējā sistēmas veselības pārbaude","","lv.socialcare.ProjectHealthCheckTest","testSchemaMigrationHealth","Sistēma: Vai datubāzes struktūra ir gatava darbam?",""
"passed","Thu Feb 12 22:50:49 EET 2026","Thu Feb 12 22:50:49 EET 2026","228","","Simulācija: 10 Scenāriji (PC1-PC4, Offline/Online)","","lv.socialcare.ScenariosSimulationTest","testDeleteVsEdit","7. Scenārijs: Datu dzēšana (PC3 dzēš, PC4 rediģē)",""
"passed","Thu Feb 12 22:50:55 EET 2026","Thu Feb 12 22:50:55 EET 2026","2","","Drošība: Lietotāju sesiju žurnāls","","lv.socialcare.UserSessionRepositoryTest","testGetActiveSessionId_WhenInactive","Pārbaude: Vai neaktīvam lietotājam nav sesijas?",""
"passed","Thu Feb 12 22:50:46 EET 2026","Thu Feb 12 22:50:46 EET 2026","282","","Drošība: Versiju kontrole (Optimistic Locking)","","lv.socialcare.OptimisticLockingTest","testConflictDetection_UserB_SavesFirst","Konflikts: Kolēģis saglabāja izmaiņas, kamēr es lasīju (Klients)",""
"passed","Thu Feb 12 22:50:47 EET 2026","Thu Feb 12 22:50:48 EET 2026","1135","","Simulācija: 10 Scenāriji (PC1-PC4, Offline/Online)","","lv.socialcare.ScenariosSimulationTest","testSlowNetworkTimeout","9. Scenārijs: Vecs dators (PC4) ar lēnu tīklu",""
"passed","Thu Feb 12 22:50:53 EET 2026","Thu Feb 12 22:50:53 EET 2026","1","","Drošība: Sistēmas aizsardzības mehānismi","","lv.socialcare.SystemSecurityTest","testProtectionAgainstMaliciousInputs","Sanitizācija: Vai sistēma atpazīst un bloķē bīstamu ievadi?",""
"passed","Thu Feb 12 22:50:24 EET 2026","Thu Feb 12 22:50:24 EET 2026","2","","Loģika: Klientu vēstures un datumu validācija","","lv.socialcare.ClientHistoryValidationTest","testActivePeriodExists","Vēsture: Vai aizliegts reģistrēt jaunu, ja ir aktīvs periods?",""
"passed","Thu Feb 12 22:50:30 EET 2026","Thu Feb 12 22:50:30 EET 2026","72","","Integritāte: Datu saišu pārbaude","","lv.socialcare.DataIntegrityTest","testCascadingDeletes","Pārbaude: Vai sadedzinot klienta lietu, sadeg arī visi saistītie dokumenti (Cascade Delete)?",""
"passed","Thu Feb 12 22:50:46 EET 2026","Thu Feb 12 22:50:46 EET 2026","24","","lv.socialcare.OfflineBufferServiceTest","","lv.socialcare.OfflineBufferServiceTest","testSyncPendingChanges_NewClient","testSyncPendingChanges_NewClient()",""
"passed","Thu Feb 12 22:50:46 EET 2026","Thu Feb 12 22:50:46 EET 2026","2","","Diagnostika: Vispārējā sistēmas veselības pārbaude","","lv.socialcare.ProjectHealthCheckTest","testKlientsLogic","Bizness: Vai klienta vecuma un statusa aprēķini ir pareizi?",""
"passed","Thu Feb 12 22:50:30 EET 2026","Thu Feb 12 22:50:33 EET 2026","3182","","Birokrātija: Dokumentācijas audits","","lv.socialcare.DeepDocumentationAuditTest","testDocumentedFilesExistence","Audits: Vai dokumentācijā minētie faili tiešām eksistē?",""
"passed","Thu Feb 12 22:50:45 EET 2026","Thu Feb 12 22:50:46 EET 2026","175","","Drošība: Bezsaistes autorizācijas un sinhronizācijas tests","","lv.socialcare.OfflineAuthorizationTest","testOfflineLoginAfterPasswordChange","Scenārijs: Lietotājs nomaina paroli serverī -> Sinhronizācija -> Login bezsaistē",""
"passed","Thu Feb 12 22:50:14 EET 2026","Thu Feb 12 22:50:15 EET 2026","776","","Kritiskā Noturība: Agresīva tīkla pārrāvuma simulācija","","lv.socialcare.AggressiveOfflineSwitchTest","testFailoverToH2OnNetworkCrash","Scenārijs: Tīkla vads tiek izrauts saglabāšanas brīdī (Failover to H2)",""
"passed","Thu Feb 12 22:50:24 EET 2026","Thu Feb 12 22:50:24 EET 2026","3","","Procedūra: Klienta lietas noformēšana","","lv.socialcare.ClientCardServiceTest","testFindByClientId_NotFound","Meklēšana: Kā sistēma reaģē, ja karte nav atrasta?",""
"passed","Thu Feb 12 22:50:36 EET 2026","Thu Feb 12 22:50:36 EET 2026","0","","Kvalitāte: Ievades lauku korektors","","lv.socialcare.KarteValidationServiceTest","testValidateEmail","Pārbaude: E-pasta adreses formāta validācija",""
"passed","Thu Feb 12 22:50:16 EET 2026","Thu Feb 12 22:50:21 EET 2026","5289","","Infrastruktūra: Telpu un veidlapu (FXML) pārbaude","","lv.socialcare.AllFxmlLoadTest","testAllFxmlFilesLoad","Pārbaude: Vai visas sistēmas veidlapas (logi) atveras bez kļūdām un vai nav vecu ikonu?",""
"passed","Thu Feb 12 22:50:53 EET 2026","Thu Feb 12 22:50:54 EET 2026","55","","Kodoltests: Apocalypse Orchestrator","","lv.socialcare.TheNuclearDataIntegrityTest","testResourceExhaustionFront","Resursu Izsmelšana: Datu Melnais Caurums un RAM Bombardēšana",""
"passed","Thu Feb 12 22:50:24 EET 2026","Thu Feb 12 22:50:24 EET 2026","1","","Audits: Izmaiņu detektīvs","","lv.socialcare.ClientChangeDetectorTest","testNoChanges","Pārbaude: Vai detektīvs klusē, ja nekas nav mainīts?",""
"passed","Thu Feb 12 22:50:49 EET 2026","Thu Feb 12 22:50:50 EET 2026","132","","Simulācija: 10 Scenāriji (PC1-PC4, Offline/Online)","","lv.socialcare.ScenariosSimulationTest","testLockingAcrossPCs","6. Scenārijs: Bloķēšana (Locking) starp PC1 un PC2",""
"passed","Thu Feb 12 22:50:33 EET 2026","Thu Feb 12 22:50:33 EET 2026","7","","Birokrātija: Dokumentācijas audits","","lv.socialcare.DeepDocumentationAuditTest","testSectionContentNotEmpty","Audits: Vai dokumentācijas nodaļas nav tukšas?",""
"passed","Thu Feb 12 22:50:21 EET 2026","Thu Feb 12 22:50:21 EET 2026","4","","Dūmu tests: Vai iestādes durvis veras vaļā?","","lv.socialcare.ApplicationSmokeTest","testCriticalComponents","Pārbaude: Vai kritiskie dienesti (DB, Skati) ir gatavi darbam?",""
"passed","Tue Feb 10 11:29:30 EET 2026","Tue Feb 10 11:29:30 EET 2026","3","","lv.socialcare.ScenariosSimulationTest","","lv.socialcare.ScenariosSimulationTest","testScenario2_CreateNewClient_Offline","testScenario2_CreateNewClient_Offline()",""
"passed","Thu Feb 12 22:50:35 EET 2026","Thu Feb 12 22:50:35 EET 2026","4","","Simulācija: Pilna klienta uzņemšanas plūsma","","lv.socialcare.FullSystemFlowTest","testFullClientCardSaveFlow","Process: Vai nospiežot 'Saglabāt', tiek veikti visi soļi (DB, Ģimene, Karte)?",""
"passed","Thu Feb 12 22:50:24 EET 2026","Thu Feb 12 22:50:24 EET 2026","1","","Audits: Izmaiņu detektīvs","","lv.socialcare.ClientChangeDetectorTest","testNullInputs","Pārbaude: Kā detektīvs reaģē uz tukšiem datiem?",""
"passed","Thu Feb 12 22:50:54 EET 2026","Thu Feb 12 22:50:54 EET 2026","35","","Kodoltests: Apocalypse Orchestrator","","lv.socialcare.TheNuclearDataIntegrityTest","testCascadeChaos","Referenciālā Integritāte: Cascade Chaos",""
"passed","Thu Feb 12 22:50:45 EET 2026","Thu Feb 12 22:50:45 EET 2026","4","","Komunikācija: Paziņojumu dēlis","","lv.socialcare.NotificationRepositoryTest","testLogNotificationShown","Pārbaude: Vai paziņojums tiek atzīmēts kā izlasīts?",""
"passed","Thu Feb 12 22:50:28 EET 2026","Thu Feb 12 22:50:28 EET 2026","409","","lv.socialcare.DatabaseConnectionManagerTest","","lv.socialcare.DatabaseConnectionManagerTest","testScanLocalNetwork_Timeout","Tīkla skenēšana: Noilguma pārbaude",""
